{"cameraMode":{"drawMode":0,"name":"Shaded","section":"Shading Mode"},"sceneLighting":true,"audioPlay":false,"sceneViewState":{"m_AlwaysRefresh":false,"showFog":true,"showSkybox":true,"showFlares":true,"showImageEffects":true,"showParticleSystems":true,"showVisualEffectGraphs":true,"m_FxEnabled":true},"in2DMode":false,"pivot":{"x":19.340139389038087,"y":-13.550790786743164,"z":18.787260055541993},"rotation":{"x":0.3416924774646759,"y":0.0900285542011261,"z":-0.032903630286455157,"w":0.9349144101142883},"size":38.377952575683597,"orthographic":true}