{"cameraMode":{"drawMode":0,"name":"Shaded","section":"Shading Mode"},"sceneLighting":true,"audioPlay":false,"sceneViewState":{"m_AlwaysRefresh":false,"showFog":true,"showSkybox":true,"showFlares":true,"showImageEffects":true,"showParticleSystems":true,"showVisualEffectGraphs":true,"m_FxEnabled":true},"in2DMode":false,"pivot":{"x":24.719478607177736,"y":8.085926055908204,"z":13.045767784118653},"rotation":{"x":0.465233713388443,"y":-0.002655722899362445,"z":0.001395228784531355,"w":0.8851884007453919},"size":32.3192024230957,"orthographic":true}