{"cameraMode":{"drawMode":0,"name":"Shaded","section":"Shading Mode"},"sceneLighting":true,"audioPlay":false,"sceneViewState":{"m_AlwaysRefresh":false,"showFog":true,"showSkybox":true,"showFlares":true,"showImageEffects":true,"showParticleSystems":true,"showVisualEffectGraphs":true,"m_FxEnabled":true},"in2DMode":false,"pivot":{"x":64.2331314086914,"y":11.547622680664063,"z":7.5693511962890629},"rotation":{"x":0.28202128410339358,"y":-0.004318115767091513,"z":0.0012679119827225805,"w":0.9594144225120544},"size":43.863677978515628,"orthographic":true}