{"cameraMode":{"drawMode":0,"name":"Shaded","section":"Shading Mode"},"sceneLighting":true,"audioPlay":false,"sceneViewState":{"m_AlwaysRefresh":false,"showFog":true,"showSkybox":true,"showFlares":true,"showImageEffects":true,"showParticleSystems":true,"showVisualEffectGraphs":true,"m_FxEnabled":true},"in2DMode":false,"pivot":{"x":45.900230407714847,"y":-4.384258270263672,"z":12.557318687438965},"rotation":{"x":0.6138012409210205,"y":0.0071048918180167679,"z":-0.005524360109120607,"w":0.7894094586372376},"size":65.72138214111328,"orthographic":true}