{"cameraMode":{"drawMode":0,"name":"Shaded","section":"Shading Mode"},"sceneLighting":true,"audioPlay":false,"sceneViewState":{"m_AlwaysRefresh":false,"showFog":true,"showSkybox":true,"showFlares":true,"showImageEffects":true,"showParticleSystems":true,"showVisualEffectGraphs":true,"m_FxEnabled":true},"in2DMode":false,"pivot":{"x":117.86349487304688,"y":1.0932071208953858,"z":69.5671615600586},"rotation":{"x":0.29487091302871706,"y":0.021497299894690515,"z":-0.006635702680796385,"w":0.9552735090255737},"size":98.9576644897461,"orthographic":false}